{
  "weights": {
    "bond": -0.97246078022124,
    "swap": 0.035290830218451
  },
  "summary": {
    "mean_liability": 17.662695851039214,
    "std_liability": 0.1009391840889894,
    "mean_net": 4.4763566517165285e-06,
    "std_net": 0.00263438095281533,
    "var_liability": 0.01018871888455089,
    "var_net": 6.939963004556206e-06,
    "var_reduction": 0.9993188581328827,
    "corr_L_net": -0.2712343622190677,
    "rank_H": 2
  }
}