{
  "prices_base": {
    "bond": 15.595614095405905,
    "annuity": 17.662695851039214
  },
  "vega_sigma_scale": {
    "bond": 0.0,
    "annuity": 0.0
  },
  "delta_by_age": {
    "bond": {
      "ages": [
        60.0,
        61.0,
        62.0,
        63.0,
        64.0,
        65.0,
        66.0,
        67.0,
        68.0,
        69.0,
        70.0,
        71.0,
        72.0,
        73.0,
        74.0,
        75.0,
        76.0,
        77.0,
        78.0,
        79.0,
        80.0,
        81.0,
        82.0,
        83.0,
        84.0,
        85.0,
        86.0,
        87.0,
        88.0,
        89.0,
        90.0,
        91.0,
        92.0,
        93.0,
        94.0,
        95.0
      ],
      "deltas": [
        -86.70095390503664,
        -86.70095390503664,
        -86.70095390503664,
        -86.70095390503664,
        -86.70095390503664,
        -86.84081276504524,
        -86.83772682591062,
        -86.83602704351365,
        -86.8318344595794,
        -86.82877879642649,
        -86.8240765118415,
        -86.82058785273998,
        -86.81810957719644,
        -86.81354286108184,
        -86.81122832770818,
        -86.80743963073691,
        -86.8024464197628,
        -86.7963961334114,
        -86.7922634500264,
        -86.78502237825167,
        -86.77957659396895,
        -86.77124998628365,
        -86.76168275189492,
        -86.75118724197314,
        -86.73803912912241,
        -86.70095390503664,
        -86.70095390503664,
        -86.70095390503664,
        -86.70095390503664,
        -86.70095390503664,
        -86.70095390503664,
        -86.70095390503664,
        -86.70095390503664,
        -86.70095390503664,
        -86.70095390503664,
        -86.70095390503664
      ]
    },
    "annuity": {
      "ages": [
        60.0,
        61.0,
        62.0,
        63.0,
        64.0,
        65.0,
        66.0,
        67.0,
        68.0,
        69.0,
        70.0,
        71.0,
        72.0,
        73.0,
        74.0,
        75.0,
        76.0,
        77.0,
        78.0,
        79.0,
        80.0,
        81.0,
        82.0,
        83.0,
        84.0,
        85.0,
        86.0,
        87.0,
        88.0,
        89.0,
        90.0,
        91.0,
        92.0,
        93.0,
        94.0,
        95.0
      ],
      "deltas": [
        -154.99921524960277,
        -154.99921524960277,
        -154.99921524960277,
        -154.99921524960277,
        -154.99921524960277,
        -155.15221717816559,
        -155.14974589171365,
        -155.14887054533338,
        -155.14530716380895,
        -155.1430875785744,
        -155.13909796652248,
        -155.13658351254094,
        -155.1353751325397,
        -155.13189862281996,
        -155.1312848488191,
        -155.12918028886025,
        -155.12589418417198,
        -155.12159760227746,
        -155.12022452918507,
        -155.11530967565895,
        -155.11366865601238,
        -155.10894388645866,
        -155.10362355496773,
        -155.09881693921662,
        -155.09208827312298,
        -155.08472152167946,
        -155.07454551598983,
        -155.06123074102155,
        -155.04496559253943,
        -155.02447746445574,
        -154.99921524960277,
        -154.99921524960277,
        -154.99921524960277,
        -154.99921524960277,
        -154.99921524960277,
        -154.99921524960277
      ]
    }
  },
  "rate_sensitivity": {
    "bond": {
      "base_rate": 0.02,
      "bump": 0.0001,
      "price_base": 15.595614095405905,
      "price_up": 15.580098046504535,
      "price_down": 15.611151127191059,
      "dP_dr": -155.26540343262062,
      "duration": 9.955709501580838,
      "dv01": -0.015526540343262063
    },
    "annuity": {
      "base_rate": 0.02,
      "bump": 0.0001,
      "price_base": 17.662695851039214,
      "price_up": 17.642273994393072,
      "price_down": 17.683150350636335,
      "dP_dr": -204.38178121631623,
      "duration": 11.571380888851749,
      "dv01": -0.020438178121631623
    }
  },
  "rate_convexity": {
    "bond": {
      "base_rate": 0.02,
      "bump": 0.0001,
      "price_base": 15.595614095405905,
      "price_up": 15.580098046504535,
      "price_down": 15.611151127191059,
      "convexity": 134.54349188116785
    },
    "annuity": {
      "base_rate": 0.02,
      "bump": 0.0001,
      "price_base": 17.662695851039214,
      "price_up": 17.642273994393072,
      "price_down": 17.683150350636335,
      "convexity": 184.8129597870395
    }
  },
  "meta": {
    "base_short_rate": 0.02,
    "short_rate_used_for_pricing": 0.02,
    "sigma_rel_bump": 0.05,
    "q_rel_bump": 0.01,
    "rate_bump": 0.0001,
    "delta_ages": null
  }
}